{"stats":{"minecraft:used":{"minecraft:dirt":6},"minecraft:custom":{"minecraft:time_since_rest":3411,"minecraft:crouch_one_cm":109,"minecraft:play_time":5278,"minecraft:sprint_one_cm":5993,"minecraft:walk_one_cm":17746,"minecraft:damage_taken":640,"minecraft:deaths":2,"minecraft:sneak_time":12,"minecraft:mob_kills":5,"minecraft:jump":49,"minecraft:damage_dealt":414,"minecraft:leave_game":1,"minecraft:time_since_death":3372,"minecraft:total_world_time":5278,"minecraft:climb_one_cm":377,"minecraft:fall_one_cm":2864,"minecraft:fly_one_cm":8949},"minecraft:picked_up":{"minecraft:dirt":6},"minecraft:killed_by":{"minecraft:creeper":1,"minecraft:zombie":1},"minecraft:mined":{"minecraft:grass":1,"minecraft:grass_block":3,"minecraft:dirt":3,"minecraft:jungle_leaves":1,"minecraft:oak_leaves":1}},"DataVersion":3465}